Condition_name,q1,q2,q3,q4,q5,q6,q7,q8,q9,q10,q11,q12,q13,q14,q15,q16,q17,q18,q20,q21,q22,q23,q24,q25,q26,q27,q28,q29,q30,q31,q32,q33,q34,q1_log,q2_log,q3_log,q4_log,q5_log,q6_log,q7_log,q8_log,q9_log,q10_log,q11_log,q12_log,q13_log,q14_log,q15_log,q16_log,q17_log,q18_log,q20_log,q21_log,q22_log,q23_log,q24_log,q25_log,q26_log,q27_log,q28_log,q29_log,q30_log,q31_log,q32_log,q33_log,q34_log
Average,3,7,3,2000,20,10,15,5,5,5,500,30,40,10,9,5,3,15,20,8,10,2,16,2000,8,12,10,55,12,50,24,5.5,50,2.098612289,2.945910149,2.098612289,8.60090246,3.995732274,3.302585093,3.708050201,2.609437912,2.609437912,2.609437912,7.214608098,4.401197382,4.688879454,3.302585093,3.197224577,2.609437912,2.098612289,3.708050201,3.995732274,3.079441542,3.302585093,1.693147181,3.772588722,8.60090246,3.079441542,3.48490665,3.302585093,5.007333185,3.48490665,4.912023005,4.17805383,2.704748092,4.912023005
Ideal,2,2,6,2000,30,1,5,12,3,0,0,1,10,2,10,5,0,2,0,5,7,3,24,500,2,5,20,90,4,13,48,2.5,10,1.693147181,1.693147181,2.791759469,8.60090246,4.401197382,1,2.609437912,3.48490665,2.098612289,0,0,1,3.302585093,1.693147181,3.302585093,2.609437912,0,1.693147181,0,2.609437912,2.945910149,2.098612289,4.17805383,7.214608098,1.693147181,2.609437912,3.995732274,5.49980967,2.386294361,3.564949357,4.871201011,1.916290732,3.302585093
Reasonable,2,4,5,2000,30,3,10,10,5,2,10,10,15,5,8,4,1,9.5,4,5,7,3,24,1000,4,6,20,80,4,25,40,4,50,1.693147181,2.386294361,2.609437912,8.60090246,4.401197382,2.098612289,3.302585093,3.302585093,2.609437912,1.693147181,3.302585093,3.302585093,3.708050201,2.609437912,3.079441542,2.386294361,1,3.251291799,2.386294361,2.609437912,2.945910149,2.098612289,4.17805383,7.907755279,2.386294361,2.791759469,3.995732274,5.382026635,2.386294361,4.218875825,4.688879454,2.386294361,4.912023005